{
  "Baseline": {
    "grid_acc": 0.852,
    "grid_f1": 0.2911122937732837,
    "boundary_acc": 0.372842191110507,
    "boundary_f1": 0.5424434748115827
  },
  "Physics-NN": {
    "grid_acc": 0.8300888888888889,
    "grid_f1": 0.26346209421057704,
    "boundary_acc": 0.3718907163245888,
    "boundary_f1": 0.5420671885838866
  },
  "SSR-PDNet": {
    "grid_acc": 0.9033666666666667,
    "grid_f1": 0.38610856215147876,
    "boundary_acc": 0.37352181595759143,
    "boundary_f1": 0.5427125706915369
  }
}
