{
  "name": "case9mod",
  "n_load": 3,
  "n_bus": 9,
  "p_base": [
    54.0,
    60.0,
    75.0
  ],
  "q_base": [
    18.0,
    21.0,
    30.0
  ],
  "p_min": [
    11.020405914202874,
    12.244895460225415,
    15.306119325281768
  ],
  "p_max": [
    270.0,
    300.0,
    375.0
  ],
  "X_mean": [
    54.0,
    60.0,
    75.0,
    18.0,
    21.0,
    30.0
  ],
  "X_std": [
    129.48979704289857,
    143.8775522698873,
    179.84694033735911,
    43.15606542432195,
    50.34908214534091,
    71.93625571857831
  ],
  "feasibility_rate": 0.4871250092983246,
  "analytical": false
}