{
  "dataset": {
    "n_total": 10940,
    "n_secure": 2735,
    "n_insecure": 8205,
    "split": {
      "train": 7658,
      "val": 1641,
      "test": 1641
    },
    "state_names": [
      "p1_mw",
      "q1_mvar",
      "q2_mvar",
      "q3_mvar",
      "v1_pu",
      "v2_pu",
      "v3_pu",
      "v4_pu",
      "v5_pu",
      "v6_pu",
      "v7_pu",
      "v8_pu",
      "v9_pu",
      "theta1_deg",
      "theta2_deg",
      "theta3_deg",
      "theta4_deg",
      "theta5_deg",
      "theta6_deg",
      "theta7_deg",
      "theta8_deg",
      "theta9_deg"
    ]
  },
  "train": {
    "epochs_run": 120,
    "best_threshold": 0.76,
    "arch": "baseline",
    "lambda_monotonic": 0.0,
    "p1_weight": 1.0,
    "history_tail": {
      "train_total": [
        0.14821371287107468,
        0.14323068261146546,
        0.15533889085054398,
        0.1417636106411616,
        0.15019119530916214
      ],
      "val_total": [
        0.08149036578834057,
        0.06989080645143986,
        0.07633026875555515,
        0.0739875603467226,
        0.07193522062152624
      ],
      "val_f1@0.5": [
        0.9579439252336449,
        0.9658421672555948,
        0.9601873536299765,
        0.9624413145539906,
        0.9647058823529412
      ],
      "val_state_mae": [
        0.09443143010139465,
        0.09582602232694626,
        0.08334889262914658,
        0.0876215323805809,
        0.08431849628686905
      ],
      "train_mono": [
        0.0,
        0.0,
        0.0,
        0.0,
        0.0
      ]
    }
  },
  "validation": {
    "classification": {
      "acc": 0.9932967702620353,
      "prec": 0.9830508474576272,
      "rec": 0.9902439024390244,
      "f1": 0.9866342648845686,
      "spec": 0.9943135662063356,
      "tp": 406,
      "tn": 1224,
      "fp": 7,
      "fn": 4,
      "best_threshold": 0.76
    },
    "state": {
      "n_feasible_eval": 410,
      "overall_mae": 0.09496712684631348,
      "overall_rmse": 0.41665005683898926,
      "mae_group": {
        "p_slack": 0.8436368703842163,
        "q": 0.13525182008743286,
        "v": 0.000930612557567656,
        "theta": 0.09238987416028976
      },
      "mae_by_var": {
        "p1_mw": 0.8436366319656372,
        "q1_mvar": 0.21823276579380035,
        "q2_mvar": 0.0924902930855751,
        "q3_mvar": 0.09503240138292313,
        "v1_pu": 0.0007211616612039506,
        "v2_pu": 0.0010056431638076901,
        "v3_pu": 0.0009692235616967082,
        "v4_pu": 0.0008330083219334483,
        "v5_pu": 0.0009246865520253778,
        "v6_pu": 0.0009713759063743055,
        "v7_pu": 0.0010111713781952858,
        "v8_pu": 0.0009990223916247487,
        "v9_pu": 0.0009402202558703721,
        "theta1_deg": 1.4622861499447026e-07,
        "theta2_deg": 0.14151467382907867,
        "theta3_deg": 0.16671276092529297,
        "theta4_deg": 0.0338168665766716,
        "theta5_deg": 0.0744546577334404,
        "theta6_deg": 0.13729819655418396,
        "theta7_deg": 0.10125134885311127,
        "theta8_deg": 0.11333133280277252,
        "theta9_deg": 0.06312888860702515
      },
      "rmse_by_var": {
        "p1_mw": 1.2788368463516235,
        "q1_mvar": 1.3664793968200684,
        "q2_mvar": 0.2372509092092514,
        "q3_mvar": 0.22313643991947174,
        "v1_pu": 0.0012923887697979808,
        "v2_pu": 0.003096195636317134,
        "v3_pu": 0.0032735802233219147,
        "v4_pu": 0.0018148907693102956,
        "v5_pu": 0.0023659449070692062,
        "v6_pu": 0.00313308322802186,
        "v7_pu": 0.0031411349773406982,
        "v8_pu": 0.0030017930548638105,
        "v9_pu": 0.002312665805220604,
        "theta1_deg": 2.7956564281339524e-06,
        "theta2_deg": 0.22120831906795502,
        "theta3_deg": 0.2329053282737732,
        "theta4_deg": 0.05172521993517876,
        "theta5_deg": 0.10837121307849884,
        "theta6_deg": 0.19030560553073883,
        "theta7_deg": 0.14312744140625,
        "theta8_deg": 0.16534332931041718,
        "theta9_deg": 0.09311123937368393
      }
    }
  },
  "test": {
    "classification": {
      "acc": 0.992078001218769,
      "prec": 0.9853300733496333,
      "rec": 0.9829268292682927,
      "f1": 0.9841269841269841,
      "spec": 0.9951259138911447,
      "tp": 403,
      "tn": 1225,
      "fp": 6,
      "fn": 7,
      "best_threshold": 0.76
    },
    "state": {
      "n_feasible_eval": 410,
      "overall_mae": 0.09944984316825867,
      "overall_rmse": 0.4500128924846649,
      "mae_group": {
        "p_slack": 0.8594683408737183,
        "q": 0.16142261028289795,
        "v": 0.001024110009893775,
        "theta": 0.0927714854478836
      },
      "mae_by_var": {
        "p1_mw": 0.8594685792922974,
        "q1_mvar": 0.2701227366924286,
        "q2_mvar": 0.10196318477392197,
        "q3_mvar": 0.11218187212944031,
        "v1_pu": 0.0007461941568180919,
        "v2_pu": 0.0011106436140835285,
        "v3_pu": 0.0010984143009409308,
        "v4_pu": 0.0009019033168442547,
        "v5_pu": 0.001016862690448761,
        "v6_pu": 0.001094953273423016,
        "v7_pu": 0.0011248734081164002,
        "v8_pu": 0.0011056252988055348,
        "v9_pu": 0.0010175195056945086,
        "theta1_deg": 1.2483684308506326e-08,
        "theta2_deg": 0.1413615494966507,
        "theta3_deg": 0.16647471487522125,
        "theta4_deg": 0.03492264449596405,
        "theta5_deg": 0.07507628202438354,
        "theta6_deg": 0.14546780288219452,
        "theta7_deg": 0.09818104654550552,
        "theta8_deg": 0.10589133203029633,
        "theta9_deg": 0.06756813079118729
      },
      "rmse_by_var": {
        "p1_mw": 1.2347447872161865,
        "q1_mvar": 1.6090788841247559,
        "q2_mvar": 0.2602895200252533,
        "q3_mvar": 0.25569236278533936,
        "v1_pu": 0.0012960471212863922,
        "v2_pu": 0.003564905608072877,
        "v3_pu": 0.0037808206398040056,
        "v4_pu": 0.0019861911423504353,
        "v5_pu": 0.002670890185981989,
        "v6_pu": 0.003614282002672553,
        "v7_pu": 0.0036089837085455656,
        "v8_pu": 0.0034493673592805862,
        "v9_pu": 0.0026000645011663437,
        "theta1_deg": 7.795539858079792e-08,
        "theta2_deg": 0.22506208717823029,
        "theta3_deg": 0.2349758744239807,
        "theta4_deg": 0.05046822875738144,
        "theta5_deg": 0.10505622625350952,
        "theta6_deg": 0.1947460025548935,
        "theta7_deg": 0.13669703900814056,
        "theta8_deg": 0.1530531346797943,
        "theta9_deg": 0.09393246471881866
      }
    }
  },
  "energy_consistency": {
    "validation": {
      "n_feasible_eval": 410,
      "closure_abs_mean_mw": 0.8436369895935059,
      "closure_abs_p95_mw": 3.4528335571289057
    },
    "test": {
      "n_feasible_eval": 410,
      "closure_abs_mean_mw": 0.8594686388969421,
      "closure_abs_p95_mw": 3.1624427795410126
    }
  }
}