{
  "dataset": {
    "n_total": 10940,
    "n_secure": 2735,
    "n_insecure": 8205,
    "split": {
      "train": 7658,
      "val": 1641,
      "test": 1641
    },
    "state_names": [
      "p1_mw",
      "q1_mvar",
      "q2_mvar",
      "q3_mvar",
      "v1_pu",
      "v2_pu",
      "v3_pu",
      "v4_pu",
      "v5_pu",
      "v6_pu",
      "v7_pu",
      "v8_pu",
      "v9_pu",
      "theta1_deg",
      "theta2_deg",
      "theta3_deg",
      "theta4_deg",
      "theta5_deg",
      "theta6_deg",
      "theta7_deg",
      "theta8_deg",
      "theta9_deg"
    ]
  },
  "train": {
    "epochs_run": 140,
    "best_threshold": 0.7,
    "history_tail": {
      "train_total": [
        0.13806594560543697,
        0.1380138397216797,
        0.1364131823182106,
        0.14548573593298594,
        0.1464298556248347
      ],
      "val_total": [
        0.07558431290090084,
        0.0711901355534792,
        0.07874752208590508,
        0.07299851253628731,
        0.08044538460671902
      ],
      "val_f1@0.5": [
        0.9601873536299765,
        0.9658421672555948,
        0.9613130128956624,
        0.9647058823529412,
        0.9568261376896149
      ],
      "val_state_mae": [
        0.0704849511384964,
        0.08463548123836517,
        0.08354000747203827,
        0.08877617120742798,
        0.07308489084243774
      ]
    }
  },
  "validation": {
    "classification": {
      "acc": 0.9945155393053017,
      "prec": 0.9785202863961814,
      "rec": 1.0,
      "f1": 0.9891435464414958,
      "spec": 0.9926888708367174,
      "tp": 410,
      "tn": 1222,
      "fp": 9,
      "fn": 0,
      "best_threshold": 0.7
    },
    "state": {
      "n_feasible_eval": 410,
      "overall_mae": 0.09138935804367065,
      "overall_rmse": 0.40883195400238037,
      "mae_group": {
        "p_slack": 0.8551573753356934,
        "q": 0.13232342898845673,
        "v": 0.000921322382055223,
        "theta": 0.08334959298372269
      },
      "mae_by_var": {
        "p1_mw": 0.855157196521759,
        "q1_mvar": 0.21605120599269867,
        "q2_mvar": 0.0891147330403328,
        "q3_mvar": 0.09180431067943573,
        "v1_pu": 0.0007166231516748667,
        "v2_pu": 0.0009670178988017142,
        "v3_pu": 0.0009895132388919592,
        "v4_pu": 0.0008222245378419757,
        "v5_pu": 0.0009145397925749421,
        "v6_pu": 0.0009804124711081386,
        "v7_pu": 0.0009935741545632482,
        "v8_pu": 0.0009859706042334437,
        "v9_pu": 0.0009220257052220404,
        "theta1_deg": 1.4547340754234028e-07,
        "theta2_deg": 0.13814665377140045,
        "theta3_deg": 0.16073209047317505,
        "theta4_deg": 0.03405911847949028,
        "theta5_deg": 0.0671272948384285,
        "theta6_deg": 0.11516626924276352,
        "theta7_deg": 0.07686378061771393,
        "theta8_deg": 0.09426424652338028,
        "theta9_deg": 0.06378684937953949
      },
      "rmse_by_var": {
        "p1_mw": 1.2363861799240112,
        "q1_mvar": 1.3642027378082275,
        "q2_mvar": 0.23636886477470398,
        "q3_mvar": 0.22383981943130493,
        "v1_pu": 0.001280026277527213,
        "v2_pu": 0.0031027260702103376,
        "v3_pu": 0.0032835041638463736,
        "v4_pu": 0.00182020862121135,
        "v5_pu": 0.002381228609010577,
        "v6_pu": 0.0031500556506216526,
        "v7_pu": 0.003147437470033765,
        "v8_pu": 0.0030154811684042215,
        "v9_pu": 0.0023187280166894197,
        "theta1_deg": 2.795728050841717e-06,
        "theta2_deg": 0.19570370018482208,
        "theta3_deg": 0.23719266057014465,
        "theta4_deg": 0.052462272346019745,
        "theta5_deg": 0.1135294958949089,
        "theta6_deg": 0.16881781816482544,
        "theta7_deg": 0.114930160343647,
        "theta8_deg": 0.14103259146213531,
        "theta9_deg": 0.09807592630386353
      }
    }
  },
  "test": {
    "classification": {
      "acc": 0.9914686166971359,
      "prec": 0.9736842105263158,
      "rec": 0.9926829268292683,
      "f1": 0.9830917874396136,
      "spec": 0.9910641754670992,
      "tp": 407,
      "tn": 1220,
      "fp": 11,
      "fn": 3,
      "best_threshold": 0.7
    },
    "state": {
      "n_feasible_eval": 410,
      "overall_mae": 0.09487637132406235,
      "overall_rmse": 0.43935760855674744,
      "mae_group": {
        "p_slack": 0.8366115689277649,
        "q": 0.15878038108348846,
        "v": 0.001020121155306697,
        "theta": 0.08501625061035156
      },
      "mae_by_var": {
        "p1_mw": 0.8366115093231201,
        "q1_mvar": 0.2690976858139038,
        "q2_mvar": 0.09921178221702576,
        "q3_mvar": 0.10803162306547165,
        "v1_pu": 0.0007481758366338909,
        "v2_pu": 0.001084708608686924,
        "v3_pu": 0.0011047597508877516,
        "v4_pu": 0.0009002035949379206,
        "v5_pu": 0.0010081726359203458,
        "v6_pu": 0.0010991638991981745,
        "v7_pu": 0.0011182595044374466,
        "v8_pu": 0.0010996892815455794,
        "v9_pu": 0.001017957110889256,
        "theta1_deg": 1.1734845095645596e-08,
        "theta2_deg": 0.14664725959300995,
        "theta3_deg": 0.160238578915596,
        "theta4_deg": 0.03330051526427269,
        "theta5_deg": 0.06701310724020004,
        "theta6_deg": 0.12185237556695938,
        "theta7_deg": 0.07860175520181656,
        "theta8_deg": 0.09143459051847458,
        "theta9_deg": 0.06605792790651321
      },
      "rmse_by_var": {
        "p1_mw": 1.1644742488861084,
        "q1_mvar": 1.6053111553192139,
        "q2_mvar": 0.26046937704086304,
        "q3_mvar": 0.25485506653785706,
        "v1_pu": 0.0013050379930064082,
        "v2_pu": 0.00358993629924953,
        "v3_pu": 0.0038018503692001104,
        "v4_pu": 0.002017607446759939,
        "v5_pu": 0.0027056261897087097,
        "v6_pu": 0.0036471853964030743,
        "v7_pu": 0.0036324753891676664,
        "v8_pu": 0.003481026506051421,
        "v9_pu": 0.0026283618062734604,
        "theta1_deg": 7.79529543137869e-08,
        "theta2_deg": 0.2044667899608612,
        "theta3_deg": 0.2344239503145218,
        "theta4_deg": 0.04976769536733627,
        "theta5_deg": 0.1081535667181015,
        "theta6_deg": 0.17313984036445618,
        "theta7_deg": 0.11571042239665985,
        "theta8_deg": 0.13101543486118317,
        "theta9_deg": 0.09695051610469818
      }
    }
  }
}