method,n_points,mean_per_point_ms,p95_per_point_ms,throughput_points_per_s,total_time_s,speedup_vs_traditional
Traditional IPOPT (from CSV),2735,62.10335185802393,89.82219696044916,16.10219046286142,169.85266733169544,1.0
EC-PDNet inference (batch=1),2735,0.5500954990590186,,1817.8661736199958,1.5045111899264156,112.89558261112221
EC-PDNet inference (batch=1024),2735,0.00309536015611462,,323064.18302393187,0.008465810026973487,20063.368631060282
