{
  "method": "EC-PDNet + WLDG-BE",
  "description": "Worth-learning boundary distance + security-margin closed-loop data generation",
  "split": {
    "train_all": 62999,
    "val": 13500,
    "test": 13501
  },
  "config": {
    "data_dir": "D:\\安全域\\1",
    "seed": 42,
    "device": "cpu",
    "rounds": 3,
    "epochs_per_round": 40,
    "batch_size": 512,
    "lr": 0.0008,
    "init_secure_ratio": 0.7,
    "init_neg_ratio": 2.0,
    "add_per_round": 3200,
    "candidate_sample": 26000,
    "direction_seeds": 520,
    "direction_step_norm": 0.1,
    "tau": 0.18,
    "alpha_uncert": 0.6,
    "beta_margin": 0.4,
    "direction_bonus": 0.3,
    "lambda_state": 1.8,
    "lambda_voltage": 0.05,
    "lambda_monotonic": 0.0,
    "lambda_polar": 0.22,
    "lambda_hard_neg": 0.5,
    "hard_neg_th": 0.15,
    "lambda_hard_pos": 0.05,
    "hard_pos_floor": 0.8,
    "boundary_weight": 2.2,
    "boundary_hard_neg_boost": 3.0,
    "p1_weight": 4.0
  },
  "best_round": 3,
  "best_threshold": 0.6,
  "rounds": [
    {
      "round_id": 1,
      "n_train": 4020,
      "n_train_secure": 1340,
      "n_train_insecure": 2680,
      "mined_count": 3200,
      "mined_secure": 265,
      "mined_insecure": 2935,
      "val_f1": 0.9119638826185101,
      "test_f1": 0.8938053097345132,
      "test_acc": 0.9928894155988446,
      "test_state_mae": 0.2315646857023239,
      "test_neg_mean": 0.02008586396754933,
      "test_neg_p95": 0.056586960889399046,
      "test_neg_gt_0p5": 0.016653934300993125
    },
    {
      "round_id": 2,
      "n_train": 7220,
      "n_train_secure": 1605,
      "n_train_insecure": 5615,
      "mined_count": 3200,
      "mined_secure": 144,
      "mined_insecure": 3056,
      "val_f1": 0.9466019417475728,
      "test_f1": 0.9610705596107056,
      "test_acc": 0.9976298051996149,
      "test_state_mae": 0.19349989295005798,
      "test_neg_mean": 0.007774499258358658,
      "test_neg_p95": 0.0046102993190288285,
      "test_neg_gt_0p5": 0.004048892284186402
    },
    {
      "round_id": 3,
      "n_train": 10420,
      "n_train_secure": 1749,
      "n_train_insecure": 8671,
      "mined_count": 0,
      "mined_secure": 0,
      "mined_insecure": 0,
      "val_f1": 0.9615384615384616,
      "test_f1": 0.9619952494061758,
      "test_acc": 0.9976298051996149,
      "test_state_mae": 0.13846315443515778,
      "test_neg_mean": 0.006903668973895591,
      "test_neg_p95": 0.001959474349860095,
      "test_neg_gt_0p5": 0.003590527119938885
    }
  ],
  "final": {
    "validation": {
      "classification": {
        "acc": 0.9976296296296296,
        "prec": 0.9478672985781991,
        "rec": 0.975609756097561,
        "f1": 0.9615384615384616,
        "spec": 0.9983193277310923,
        "tp": 400,
        "tn": 13068,
        "fp": 22,
        "fn": 10,
        "best_threshold": 0.6
      },
      "probability": {
        "pos_mean": 0.905233250885475,
        "pos_p05": 0.6307926684617996,
        "pos_p50": 0.9649216532707214,
        "pos_p95": 0.9992830514907837,
        "pos_lt_0p5": 0.004878048780487805,
        "neg_mean": 0.006649635262887746,
        "neg_p50": 1.43185476346826e-30,
        "neg_p95": 0.001811029418604447,
        "neg_p99": 0.2485420118272343,
        "neg_gt_0p2": 0.0119938884644767,
        "neg_gt_0p5": 0.0037433155080213902,
        "neg_boundary_n": 73,
        "neg_boundary_mean": 0.4663079105419655,
        "neg_boundary_p95": 0.690944480895996,
        "neg_boundary_gt_0p5": 0.4520547945205479,
        "neg_interior_n": 13017,
        "neg_interior_mean": 0.004071848207854123,
        "neg_interior_p95": 0.001152469753287731,
        "neg_interior_gt_0p5": 0.0012291618652531305
      },
      "state": {
        "n_feasible_eval": 410,
        "overall_mae": 0.15129122138023376,
        "overall_rmse": 0.4687029719352722,
        "mae_group": {
          "p_slack": 0.11626657843589783,
          "q": 0.4361851215362549,
          "v": 0.0019745691679418087,
          "theta": 0.20953486859798431
        },
        "mae_by_var": {
          "p1_mw": 0.11626657843589783,
          "q1_mvar": 0.41360384225845337,
          "q2_mvar": 0.17111824452877045,
          "q3_mvar": 0.7238333821296692,
          "v1_pu": 0.0016449871473014355,
          "v2_pu": 0.0024114353582262993,
          "v3_pu": 0.0018112899269908667,
          "v4_pu": 0.0015896647237241268,
          "v5_pu": 0.001699882559478283,
          "v6_pu": 0.002686686348170042,
          "v7_pu": 0.0017654012190178037,
          "v8_pu": 0.00217560026794672,
          "v9_pu": 0.0019861760083585978,
          "theta1_deg": 1.4489916111415369e-07,
          "theta2_deg": 0.4140875041484833,
          "theta3_deg": 0.40410375595092773,
          "theta4_deg": 0.06226591393351555,
          "theta5_deg": 0.08983128517866135,
          "theta6_deg": 0.2458392232656479,
          "theta7_deg": 0.2677489221096039,
          "theta8_deg": 0.27522867918014526,
          "theta9_deg": 0.12670859694480896
        },
        "rmse_by_var": {
          "p1_mw": 0.1734640896320343,
          "q1_mvar": 1.6741540431976318,
          "q2_mvar": 0.29264965653419495,
          "q3_mvar": 0.9860429763793945,
          "v1_pu": 0.0024008071050047874,
          "v2_pu": 0.004528450779616833,
          "v3_pu": 0.004263421054929495,
          "v4_pu": 0.002728088526055217,
          "v5_pu": 0.0032336812000721693,
          "v6_pu": 0.004253059159964323,
          "v7_pu": 0.004122075624763966,
          "v8_pu": 0.004052531905472279,
          "v9_pu": 0.0033599145244807005,
          "theta1_deg": 2.7969554139417596e-06,
          "theta2_deg": 0.5112556219100952,
          "theta3_deg": 0.5309455394744873,
          "theta4_deg": 0.07196369767189026,
          "theta5_deg": 0.11630108952522278,
          "theta6_deg": 0.33174461126327515,
          "theta7_deg": 0.35472893714904785,
          "theta8_deg": 0.349961519241333,
          "theta9_deg": 0.14742203056812286
        }
      }
    },
    "test": {
      "classification": {
        "acc": 0.9976298051996149,
        "prec": 0.9396751740139211,
        "rec": 0.9854014598540146,
        "f1": 0.9619952494061758,
        "spec": 0.9980137509549273,
        "tp": 405,
        "tn": 13064,
        "fp": 26,
        "fn": 6,
        "best_threshold": 0.6
      },
      "probability": {
        "pos_mean": 0.9255237189957696,
        "pos_p05": 0.6863976120948792,
        "pos_p50": 0.9756255745887756,
        "pos_p95": 0.9993137121200562,
        "pos_lt_0p5": 0.0072992700729927005,
        "neg_mean": 0.006903668973895591,
        "neg_p50": 1.378294256748749e-30,
        "neg_p95": 0.001959474349860095,
        "neg_p99": 0.2745945149660136,
        "neg_gt_0p2": 0.012605042016806723,
        "neg_gt_0p5": 0.003590527119938885,
        "neg_boundary_n": 72,
        "neg_boundary_mean": 0.4594710830392109,
        "neg_boundary_p95": 0.6884084284305573,
        "neg_boundary_gt_0p5": 0.4305555555555556,
        "neg_interior_n": 13018,
        "neg_interior_mean": 0.0044006075349109,
        "neg_interior_p95": 0.0011556458601262418,
        "neg_interior_gt_0p5": 0.0012290674450760486
      },
      "state": {
        "n_feasible_eval": 411,
        "overall_mae": 0.13846315443515778,
        "overall_rmse": 0.31932899355888367,
        "mae_group": {
          "p_slack": 0.10176879167556763,
          "q": 0.39490142464637756,
          "v": 0.0016482432838529348,
          "theta": 0.19387580454349518
        },
        "mae_by_var": {
          "p1_mw": 0.1017688438296318,
          "q1_mvar": 0.24777843058109283,
          "q2_mvar": 0.15522757172584534,
          "q3_mvar": 0.7816984057426453,
          "v1_pu": 0.0014778529293835163,
          "v2_pu": 0.002019111067056656,
          "v3_pu": 0.0014999342383816838,
          "v4_pu": 0.0013213481288403273,
          "v5_pu": 0.001399872824549675,
          "v6_pu": 0.0024285984691232443,
          "v7_pu": 0.0013029827969148755,