{
  "Baseline": {
    "acc": 0.9719683120048158,
    "prec": 0.9160839160837025,
    "rec": 0.9751861042181204,
    "f1": 0.9447115384113602,
    "spec": 0.9709208400645419,
    "tp": 393,
    "tn": 1202,
    "fp": 36,
    "fn": 10,
    "best_threshold": 0.64
  },
  "Physics-NN": {
    "acc": 0.9713589274831828,
    "prec": 0.9139534883718805,
    "rec": 0.9751861042181204,
    "f1": 0.943577430922215,
    "spec": 0.9701130856218926,
    "tp": 393,
    "tn": 1201,
    "fp": 37,
    "fn": 10,
    "best_threshold": 0.69
  },
  "SSR-PDNet": {
    "acc": 0.9859841560023774,
    "prec": 0.9656862745095672,
    "rec": 0.9776674937962835,
    "f1": 0.9716399506279374,
    "spec": 0.988691437802828,
    "tp": 394,
    "tn": 1224,
    "fp": 14,
    "fn": 9,
    "best_threshold": 0.63
  }
}
