{
  "dataset": {
    "n_total": 27350,
    "n_secure": 2735,
    "n_insecure": 24615,
    "split": {
      "train": 19145,
      "val": 4102,
      "test": 4103
    },
    "state_names": [
      "p1_mw",
      "q1_mvar",
      "q2_mvar",
      "q3_mvar",
      "v1_pu",
      "v2_pu",
      "v3_pu",
      "v4_pu",
      "v5_pu",
      "v6_pu",
      "v7_pu",
      "v8_pu",
      "v9_pu",
      "theta1_deg",
      "theta2_deg",
      "theta3_deg",
      "theta4_deg",
      "theta5_deg",
      "theta6_deg",
      "theta7_deg",
      "theta8_deg",
      "theta9_deg"
    ]
  },
  "train": {
    "epochs_run": 120,
    "best_threshold": 0.72,
    "arch": "energy_closure",
    "bg_multiplier": 8.0,
    "lambda_monotonic": 0.0,
    "lambda_polar": 0.2,
    "lambda_hard_neg": 0.6,
    "hard_neg_th": 0.15,
    "lambda_hard_pos": 0.05,
    "hard_pos_floor": 0.8,
    "boundary_weight": 2.5,
    "boundary_hard_neg_boost": 3.0,
    "p1_weight": 4.0,
    "history_tail": {
      "train_total": [
        0.6640913949200982,
        0.6661910697033531,
        0.6769234522392875,
        0.6357474993718298,
        0.6478237611682791
      ],
      "val_total": [
        0.4479494769540098,
        0.42220259871747756,
        0.4592106725192732,
        0.42869065712309545,
        0.41287313981188667
      ],
      "val_f1@0.5": [
        0.9314750290360047,
        0.9337979094076655,
        0.9322429906542056,
        0.9392523364485982,
        0.9330254041570438
      ],
      "val_state_mae": [
        0.08606145530939102,
        0.08152364194393158,
        0.0829760953783989,
        0.08209260553121567,
        0.08199809491634369
      ],
      "train_mono": [
        0.0,
        0.0,
        0.0,
        0.0,
        0.0
      ],
      "train_polar": [
        0.02625774315215255,
        0.028536317232800156,
        0.028497266387076753,
        0.025984459728198617,
        0.02720698564754505
      ],
      "train_hard_neg": [
        0.36018874162906095,
        0.37585795690354545,
        0.37046093768195104,
        0.3669271805862847,
        0.38034566393808317
      ],
      "train_hard_pos": [
        0.11070609127024286,
        0.11335352310714752,
        0.10469293795329959,
        0.10696630322031285,
        0.10879245841581571
      ]
    }
  },
  "validation": {
    "classification": {
      "acc": 0.9907362262311068,
      "prec": 0.9696969696969697,
      "rec": 0.9365853658536586,
      "f1": 0.9528535980148883,
      "spec": 0.9967497291440951,
      "tp": 384,
      "tn": 3680,
      "fp": 12,
      "fn": 26,
      "best_threshold": 0.72
    },
    "probability": {
      "pos_mean": 0.9256327105004613,
      "pos_p05": 0.6777391076087952,
      "pos_p50": 0.9830974340438843,
      "pos_p95": 0.9997651219367981,
      "pos_lt_0p5": 0.014634146341463415,
      "neg_mean": 0.0173536164628691,
      "neg_p50": 0.0,
      "neg_p95": 0.045630508102476486,
      "neg_p99": 0.5859977132081992,
      "neg_gt_0p2": 0.030065005417118092,
      "neg_gt_0p5": 0.014084507042253521,
      "neg_boundary_n": 62,
      "neg_boundary_mean": 0.3201387958721288,
      "neg_boundary_p95": 0.6305581331253052,
      "neg_boundary_gt_0p5": 0.25806451612903225,
      "neg_interior_n": 3630,
      "neg_interior_mean": 0.012182078963317007,
      "neg_interior_p95": 0.012259058002382497,
      "neg_interior_gt_0p5": 0.009917355371900827
    },
    "state": {
      "n_feasible_eval": 410,
      "overall_mae": 0.08199809491634369,
      "overall_rmse": 0.49534574151039124,
      "mae_group": {
        "p_slack": 0.14521963894367218,
        "q": 0.20581862330436707,
        "v": 0.001254103728570044,
        "theta": 0.11444394290447235
      },
      "mae_by_var": {
        "p1_mw": 0.14521966874599457,
        "q1_mvar": 0.37574946880340576,
        "q2_mvar": 0.1140611544251442,
        "q3_mvar": 0.12764523923397064,
        "v1_pu": 0.0009728570003062487,
        "v2_pu": 0.001516234828159213,
        "v3_pu": 0.001272320281714201,
        "v4_pu": 0.001071604317985475,
        "v5_pu": 0.0011872595641762018,
        "v6_pu": 0.0012406859314069152,
        "v7_pu": 0.0013970064464956522,
        "v8_pu": 0.001221482059918344,
        "v9_pu": 0.001407482661306858,
        "theta1_deg": 9.353601877412632e-14,
        "theta2_deg": 0.17339769005775452,
        "theta3_deg": 0.2805485129356384,
        "theta4_deg": 0.031431425362825394,
        "theta5_deg": 0.061729058623313904,
        "theta6_deg": 0.16238020360469818,
        "theta7_deg": 0.12906576693058014,
        "theta8_deg": 0.1349829137325287,
        "theta9_deg": 0.05645987018942833
      },
      "rmse_by_var": {
        "p1_mw": 0.18316921591758728,
        "q1_mvar": 2.1853458881378174,
        "q2_mvar": 0.3119737505912781,
        "q3_mvar": 0.3114253580570221,
        "v1_pu": 0.0015100802993401885,
        "v2_pu": 0.004727563820779324,
        "v3_pu": 0.005151499528437853,
        "v4_pu": 0.0024419918190687895,
        "v5_pu": 0.0034610664006322622,
        "v6_pu": 0.004875289276242256,
        "v7_pu": 0.004815057851374149,
        "v8_pu": 0.004558621905744076,
        "v9_pu": 0.003330567153170705,
        "theta1_deg": 1.8937846082978105e-12,
        "theta2_deg": 0.23008160293102264,
        "theta3_deg": 0.43858566880226135,
        "theta4_deg": 0.04315198212862015,
        "theta5_deg": 0.0789816677570343,
        "theta6_deg": 0.26619046926498413,
        "theta7_deg": 0.18365328013896942,
        "theta8_deg": 0.17445097863674164,
        "theta9_deg": 0.07694762200117111
      }
    }
  },
  "test": {
    "classification": {
      "acc": 0.9885449670972459,
      "prec": 0.9571788413098237,
      "rec": 0.926829268292683,
      "f1": 0.9417596034696406,
      "spec": 0.9953966964527482,
      "tp": 380,
      "tn": 3676,
      "fp": 17,
      "fn": 30,
      "best_threshold": 0.72
    },
    "probability": {
      "pos_mean": 0.9247710947583362,
      "pos_p05": 0.6593276292085648,
      "pos_p50": 0.9817475378513336,
      "pos_p95": 0.9996978402137756,
      "pos_lt_0p5": 0.014634146341463415,
      "neg_mean": 0.018465833279546966,
      "neg_p50": 0.0,
      "neg_p95": 0.056245502829550896,
      "neg_p99": 0.5770753788948051,
      "neg_gt_0p2": 0.03330625507717303,
      "neg_gt_0p5": 0.01272678039534254,
      "neg_boundary_n": 71,
      "neg_boundary_mean": 0.3175954812068597,
      "neg_boundary_p95": 0.5999358296394348,
      "neg_boundary_gt_0p5": 0.1267605633802817,
      "neg_interior_n": 3622,
      "neg_interior_mean": 0.012602165415704006,
      "neg_interior_p95": 0.010836746590211985,
      "neg_interior_gt_0p5": 0.010491441192711209
    },
    "state": {
      "n_feasible_eval": 410,
      "overall_mae": 0.07613836973905563,
      "overall_rmse": 0.3644106984138489,
      "mae_group": {
        "p_slack": 0.13968463242053986,
        "q": 0.16295965015888214,
        "v": 0.001164306071586907,
        "theta": 0.11511129885911942
      },
      "mae_by_var": {
        "p1_mw": 0.13968457281589508,
        "q1_mvar": 0.269510954618454,
        "q2_mvar": 0.10675343126058578,
        "q3_mvar": 0.11261464655399323,
        "v1_pu": 0.0010134830372408032,
        "v2_pu": 0.0014545206213369966,
        "v3_pu": 0.0010786262573674321,
        "v4_pu": 0.0010737316915765405,
        "v5_pu": 0.0010952429147437215,
        "v6_pu": 0.0010556946508586407,
        "v7_pu": 0.0012630708515644073,
        "v8_pu": 0.0010893556755036116,
        "v9_pu": 0.001355028827674687,
        "theta1_deg": 1.3804573484321736e-07,
        "theta2_deg": 0.1718541979789734,
        "theta3_deg": 0.2820736765861511,
        "theta4_deg": 0.031212681904435158,
        "theta5_deg": 0.06149042770266533,
        "theta6_deg": 0.1611655056476593,
        "theta7_deg": 0.12974879145622253,
        "theta8_deg": 0.1404828280210495,
        "theta9_deg": 0.057973407208919525
      },
      "rmse_by_var": {
        "p1_mw": 0.16397197544574738,