p2_mw,p3_mw,traditional_secure,model_prob_secure,threshold,model_secure,agreement,state_mae_overall,mae_p_slack_mw,mae_q_mvar,mae_v_pu,mae_theta_deg,pred_p1_mw,true_p1_mw,pred_q1_mvar,true_q1_mvar,pred_q2_mvar,true_q2_mvar,pred_q3_mvar,true_q3_mvar,pred_v1_pu,true_v1_pu,pred_v2_pu,true_v2_pu,pred_v3_pu,true_v3_pu,pred_theta2_deg,true_theta2_deg,pred_theta3_deg,true_theta3_deg
59.464881896972656,122.17391204833984,1,0.9888575077056885,0.73,1,1,0.04551880061626434,0.17715930938720703,0.06534067541360855,0.0006884799804538488,0.06911510229110718,10.796394348144531,10.973553657531738,-4.675382614135742,-4.80766487121582,-4.78497314453125,-4.83540153503418,-4.821070671081543,-4.834382057189941,0.9080949425697327,0.9069896936416626,0.9255977869033813,0.9259044528007507,0.9319441914558411,0.9322788715362549,6.401919364929199,6.693100452423096,12.378091812133789,12.38341236114502
11.939799308776855,162.17391967773438,1,0.9701447486877441,0.73,1,1,0.045449398458004,0.09261894226074219,0.10954125970602036,0.00039673515129834414,0.06389705091714859,19.019027709960938,19.11164665222168,-2.6275596618652344,-2.7809267044067383,-2.734464168548584,-2.8520562648773193,-2.9798569679260254,-2.922192335128784,0.9303962588310242,0.9300150871276855,0.9441750645637512,0.9443327188491821,0.9456939101219177,0.9454934597015381,1.9024840593338013,1.8176461458206177,14.335151672363281,14.450918197631836
140.93646240234375,35.21739196777344,1,0.9998593330383301,0.73,1,1,0.058452606201171875,0.13213539123535156,0.07502619177103043,0.000385092367650941,0.10280861705541611,16.049102783203125,16.181238174438477,-4.444836616516113,-4.524982929229736,-4.541356563568115,-4.626502513885498,-4.560062885284424,-4.61984920501709,0.9157592058181763,0.9161829352378845,0.9227838516235352,0.9235665798187256,0.9427214860916138,0.942679226398468,13.163646697998047,12.970788955688477,4.3637776374816895,4.539004325866699
236.95652770996094,117.82608795166016,0,0.0,0.73,0,1,,,,,,,,,,,,,,,,,,,,,,,
0.6070718169212341,9.35145092010498,0,1.8076877950079506e-06,0.73,0,1,,,,,,,,,,,,,,,,,,,,,,,
162.6823272705078,2.320249557495117,0,3.361256631251308e-06,0.73,0,1,,,,,,,,,,,,,,,,,,,,,,,
