p2_mw,p3_mw,traditional_secure,model_prob_secure,threshold,model_secure,agreement,state_mae_overall,mae_p_slack_mw,mae_q_mvar,mae_v_pu,mae_theta_deg,pred_p1_mw,true_p1_mw,pred_q1_mvar,true_q1_mvar,pred_q2_mvar,true_q2_mvar,pred_q3_mvar,true_q3_mvar,pred_v1_pu,true_v1_pu,pred_v2_pu,true_v2_pu,pred_v3_pu,true_v3_pu,pred_theta2_deg,true_theta2_deg,pred_theta3_deg,true_theta3_deg
59.464881896972656,122.17391204833984,1,0.991717517375946,0.7,1,1,0.054022885859012604,0.5836629867553711,0.030027708038687706,0.00020785463857464492,0.05698741227388382,11.55721664428711,10.973553657531738,-4.762346267700195,-4.80766487121582,-4.84419059753418,-4.83540153503418,-4.870357513427734,-4.834382057189941,0.9071517586708069,0.9069896936416626,0.925632655620575,0.9259044528007507,0.9320831298828125,0.9322788715362549,6.578779220581055,6.693100452423096,12.418413162231445,12.38341236114502
11.939799308776855,162.17391967773438,1,0.9581067562103271,0.7,1,1,0.08252624422311783,0.7084293365478516,0.07310112565755844,0.0006790028419345617,0.0979704037308693,18.403217315673828,19.11164665222168,-2.7095565795898438,-2.7809267044067383,-2.9096081256866455,-2.8520562648773193,-3.012573719024658,-2.922192335128784,0.9306804537773132,0.9300150871276855,0.9449525475502014,0.9443327188491821,0.9459462761878967,0.9454934597015381,1.839228868484497,1.8176461458206177,14.818750381469727,14.450918197631836
140.93646240234375,35.21739196777344,1,0.9997585415840149,0.7,1,1,0.05065397918224335,0.6902904510498047,0.051904041320085526,0.0006801949348300695,0.02914036065340042,16.87152862548828,16.181238174438477,-4.487545967102051,-4.524982929229736,-4.568968296051025,-4.626502513885498,-4.559108257293701,-4.61984920501709,0.9156500697135925,0.9161829352378845,0.9228094816207886,0.9235665798187256,0.9419317841529846,0.942679226398468,12.950166702270508,12.970788955688477,4.460317134857178,4.539004325866699
236.95652770996094,117.82608795166016,0,0.0,0.7,0,1,,,,,,,,,,,,,,,,,,,,,,,
0.6070718169212341,9.35145092010498,0,0.00012100415915483609,0.7,0,1,,,,,,,,,,,,,,,,,,,,,,,
162.6823272705078,2.320249557495117,0,1.0993389878422022e-06,0.7,0,1,,,,,,,,,,,,,,,,,,,,,,,
