{
  "dataset": {
    "case": "case9mod",
    "n_total": 10940,
    "n_secure": 2735,
    "n_insecure": 8205,
    "split": {
      "train": 7658,
      "val": 1641,
      "test": 1641
    },
    "input_names": [
      "p2_mw",
      "p3_mw"
    ],
    "state_names": [
      "p1_mw",
      "p_loss_mw",
      "q1_mvar",
      "q2_mvar",
      "q3_mvar",
      "v1_pu",
      "v2_pu",
      "v3_pu",
      "v4_pu",
      "v5_pu",
      "v6_pu",
      "v7_pu",
      "v8_pu",
      "v9_pu",
      "theta1_deg",
      "theta2_deg",
      "theta3_deg",
      "theta4_deg",
      "theta5_deg",
      "theta6_deg",
      "theta7_deg",
      "theta8_deg",
      "theta9_deg"
    ]
  },
  "train": {
    "epochs_run": 180,
    "best_threshold": 0.69,
    "history_tail": {
      "train_total": [
        0.2816547855734825,
        0.28477950394153595,
        0.28726736853520074,
        0.275853963692983,
        0.28653971751530966
      ],
      "val_total": [
        0.1473278807742255,
        0.15367276008640016,
        0.15060464399201529,
        0.144840307533741,
        0.14968261867761612
      ],
      "val_f1@0.5": [
        0.9511627906976744,
        0.9479768786127167,
        0.9479768786127167,
        0.9545983701979045,
        0.9490740740740741
      ],
      "val_state_mae": [
        0.11488036811351776,
        0.11549461632966995,
        0.1206643283367157,
        0.11436820775270462,
        0.11823936551809311
      ],
      "train_mono": [
        0.0,
        0.0,
        0.0,
        0.0,
        0.0
      ]
    }
  },
  "validation": {
    "classification": {
      "acc": 0.9841560024375381,
      "prec": 0.9465116279069767,
      "rec": 0.9926829268292683,
      "f1": 0.969047619047619,
      "spec": 0.9813160032493901,
      "tp": 407,
      "tn": 1208,
      "fp": 23,
      "fn": 3,
      "best_threshold": 0.69
    },
    "state": {
      "n_state_eval": 410,
      "overall_mae": 0.11436820775270462,
      "overall_rmse": 0.36610084772109985,
      "mae_group": {
        "p": 0.05321190133690834,
        "q": 0.1584542691707611,
        "v": 0.0013278230326250196,
        "theta": 0.2263035625219345,
        "loss": 0.053211621940135956
      },
      "mae_by_var": {
        "p1_mw": 0.05321190133690834,
        "p_loss_mw": 0.05321161076426506,
        "q1_mvar": 0.23908299207687378,
        "q2_mvar": 0.11495620012283325,
        "q3_mvar": 0.12132356315851212,
        "v1_pu": 0.0012540334137156606,
        "v2_pu": 0.00154873204883188,
        "v3_pu": 0.0013280656421557069,
        "v4_pu": 0.0012373749632388353,
        "v5_pu": 0.0010998178040608764,
        "v6_pu": 0.0013361712917685509,
        "v7_pu": 0.0014231842942535877,
        "v8_pu": 0.0014040275709703565,
        "v9_pu": 0.0013189994497224689,
        "theta1_deg": 2.3124870551782806e-07,
        "theta2_deg": 0.45289093255996704,
        "theta3_deg": 0.4959253966808319,
        "theta4_deg": 0.07045600563287735,
        "theta5_deg": 0.1375267654657364,
        "theta6_deg": 0.3152516186237335,
        "theta7_deg": 0.17081023752689362,
        "theta8_deg": 0.25831782817840576,
        "theta9_deg": 0.13555285334587097
      },
      "rmse_by_var": {
        "p1_mw": 0.11618609726428986,
        "p_loss_mw": 0.11618613451719284,
        "q1_mvar": 1.381474256515503,
        "q2_mvar": 0.24645711481571198,
        "q3_mvar": 0.24033311009407043,
        "v1_pu": 0.0018180962651968002,
        "v2_pu": 0.0033627122174948454,
        "v3_pu": 0.0034475692082196474,
        "v4_pu": 0.002130974782630801,
        "v5_pu": 0.0025305470917373896,
        "v6_pu": 0.0033187344670295715,
        "v7_pu": 0.003346246900036931,
        "v8_pu": 0.003216300392523408,
        "v9_pu": 0.0025814396794885397,
        "theta1_deg": 2.7936414426221745e-06,
        "theta2_deg": 0.5368611812591553,
        "theta3_deg": 0.6118842363357544,
        "theta4_deg": 0.0868716761469841,
        "theta5_deg": 0.16670630872249603,
        "theta6_deg": 0.39472585916519165,
        "theta7_deg": 0.22079680860042572,
        "theta8_deg": 0.31189993023872375,
        "theta9_deg": 0.16981661319732666
      }
    },
    "closure": {
      "abs_mean": 0.0,
      "abs_p95": 0.0
    }
  },
  "test": {
    "classification": {
      "acc": 0.9768433881779403,
      "prec": 0.926605504587156,
      "rec": 0.9853658536585366,
      "f1": 0.9550827423167849,
      "spec": 0.9740048740861081,
      "tp": 404,
      "tn": 1199,
      "fp": 32,
      "fn": 6,
      "best_threshold": 0.69
    },
    "state": {
      "n_state_eval": 410,
      "overall_mae": 0.12007530778646469,
      "overall_rmse": 0.41073060035705566,
      "mae_group": {
        "p": 0.05278541147708893,
        "q": 0.18723425269126892,
        "v": 0.0013890370028093457,
        "theta": 0.23132863640785217,
        "loss": 0.052784837782382965
      },
      "mae_by_var": {
        "p1_mw": 0.05278541147708893,
        "p_loss_mw": 0.05278483033180237,
        "q1_mvar": 0.29406726360321045,
        "q2_mvar": 0.12723493576049805,
        "q3_mvar": 0.14040040969848633,
        "v1_pu": 0.001174707431346178,
        "v2_pu": 0.0016457275487482548,
        "v3_pu": 0.001448014983907342,
        "v4_pu": 0.0012492401292547584,
        "v5_pu": 0.0011572137009352446,
        "v6_pu": 0.0014412618475034833,
        "v7_pu": 0.0015208364930003881,
        "v8_pu": 0.001494282972998917,
        "v9_pu": 0.0013700483832508326,
        "theta1_deg": 1.0350656509672262e-07,
        "theta2_deg": 0.4821699857711792,
        "theta3_deg": 0.4747107923030853,
        "theta4_deg": 0.07680309563875198,
        "theta5_deg": 0.13819091022014618,
        "theta6_deg": 0.30921414494514465,
        "theta7_deg": 0.1803436130285263,
        "theta8_deg": 0.27740371227264404,
        "theta9_deg": 0.14312203228473663
      },
      "rmse_by_var": {
        "p1_mw": 0.09459619969129562,
        "p_loss_mw": 0.0945965126156807,
        "q1_mvar": 1.6247897148132324,
        "q2_mvar": 0.2716238498687744,
        "q3_mvar": 0.2707790434360504,
        "v1_pu": 0.0017180279828608036,
        "v2_pu": 0.0037515168078243732,
        "v3_pu": 0.003859937423840165,
        "v4_pu": 0.0022580039221793413,
        "v5_pu": 0.0027858298271894455,
        "v6_pu": 0.003702509682625532,
        "v7_pu": 0.0037418100982904434,
        "v8_pu": 0.0035921011585742235,
        "v9_pu": 0.0028518615290522575,
        "theta1_deg": 1.4310805340755905e-07,
        "theta2_deg": 0.560342013835907,
        "theta3_deg": 0.6080065965652466,
        "theta4_deg": 0.09338357299566269,
        "theta5_deg": 0.17066612839698792,
        "theta6_deg": 0.39647310972213745,
        "theta7_deg": 0.2363438755273819,
        "theta8_deg": 0.330577552318573,
        "theta9_deg": 0.17670433223247528
      }
    },
    "closure": {
      "abs_mean": 0.0,
      "abs_p95": 0.0
    }
  }
}