{
  "method": "EC-PDNet dense refined (FP/FN-aware)",
  "dense_sampling": {
    "step_mw": 0.02,
    "half_interior": 0.6,
    "half_boundary": 0.8,
    "fpfn_seeds_per_comp": 36,
    "fpfn_half": 0.04,
    "dense_points_total": 23605,
    "dense_feasible": 6561
  },
  "threshold": {
    "strict": 0.5,
    "selection": {
      "threshold": 0.5,
      "f1": 0.9720382634284914,
      "precision": 0.9977341389728089,
      "recall": 0.9476327116212332,
      "fpr": 0.0004800768122899663,
      "tp": 1321,
      "fp": 3,
      "fn": 73,
      "tn": 6246
    }
  },
  "coarse_fullgrid": {
    "acc": 0.9950444444444444,
    "f1": 0.9112614405088548,
    "precision": 0.9995635093845479,
    "recall": 0.8372943327239485,
    "fp": 1,
    "fn": 445,
    "tp": 2290,
    "tn": 87264
  },
  "test_eval_augmented": {
    "classification": {
      "acc": 0.9907116692830978,
      "prec": 0.9977443609022556,
      "rec": 0.9512544802867383,
      "f1": 0.9739449541284404,
      "spec": 0.9995199231877099,
      "tp": 1327,
      "tn": 6246,
      "fp": 3,
      "fn": 68,
      "best_threshold": 0.5
    },
    "probability": {
      "pos_mean": 0.9378715326041517,
      "pos_p05": 0.5046332538127899,
      "pos_p50": 0.9986586570739746,
      "pos_p95": 0.9995483756065369,
      "pos_lt_0p5": 0.04874551971326165,
      "neg_mean": 0.005582069219861304,
      "neg_p50": 3.5848782276026725e-10,
      "neg_p95": 0.004126947186887262,
      "neg_p99": 0.21428921163081693,
      "neg_gt_0p2": 0.010721715474475917,
      "neg_gt_0p5": 0.00048007681228996637,
      "neg_boundary_n": 12,
      "neg_boundary_mean": 0.40860154169301194,
      "neg_boundary_p95": 0.6103376269340514,
      "neg_boundary_gt_0p5": 0.25,
      "neg_interior_n": 6237,
      "neg_interior_mean": 0.004806658979412721,
      "neg_interior_p95": 0.0032977208960801334,
      "neg_interior_gt_0p5": 0.0
    },
    "state": {
      "n_feasible_eval": 1395,
      "overall_mae": 0.026649411767721176,
      "overall_rmse": 0.07525790482759476,
      "mae_group": {
        "p_slack": 0.08617060631513596,
        "q": 0.04364202171564102,
        "v": 0.0003592705470509827,
        "theta": 0.04066188260912895
      },
      "mae_by_var": {
        "p1_mw": 0.08617062866687775,
        "q1_mvar": 0.0420353077352047,
        "q2_mvar": 0.045401573181152344,
        "q3_mvar": 0.04348919540643692,
        "v1_pu": 0.00033539149444550276,
        "v2_pu": 0.00039800922968424857,
        "v3_pu": 0.00039034103974699974,
        "v4_pu": 0.00034587414120323956,
        "v5_pu": 0.0003056624555028975,
        "v6_pu": 0.00040544639341533184,
        "v7_pu": 0.00037341617280617356,
        "v8_pu": 0.0002752606524154544,
        "v9_pu": 0.00040403311140835285,
        "theta1_deg": 1.8654396603812184e-12,
        "theta2_deg": 0.07659468799829483,
        "theta3_deg": 0.0937657505273819,
        "theta4_deg": 0.015323194675147533,
        "theta5_deg": 0.018370933830738068,
        "theta6_deg": 0.05037135258316994,
        "theta7_deg": 0.03357786685228348,
        "theta8_deg": 0.05731614679098129,
        "theta9_deg": 0.020637093111872673
      },
      "rmse_by_var": {
        "p1_mw": 0.09313566237688065,
        "q1_mvar": 0.14729714393615723,
        "q2_mvar": 0.1017124131321907,
        "q3_mvar": 0.11596059799194336,
        "v1_pu": 0.0009924721671268344,
        "v2_pu": 0.000967055675573647,
        "v3_pu": 0.0009448060882277787,
        "v4_pu": 0.0009517002617940307,
        "v5_pu": 0.0009912963723763824,
        "v6_pu": 0.0009677690686658025,
        "v7_pu": 0.0009885188192129135,
        "v8_pu": 0.0009697675704956055,
        "v9_pu": 0.0010837521404027939,
        "theta1_deg": 6.967360716148008e-11,
        "theta2_deg": 0.15253666043281555,
        "theta3_deg": 0.13606028258800507,
        "theta4_deg": 0.02441893145442009,
        "theta5_deg": 0.040045663714408875,
        "theta6_deg": 0.09015969187021255,
        "theta7_deg": 0.06855332851409912,
        "theta8_deg": 0.1043781116604805,
        "theta9_deg": 0.05222969874739647
      }
    }
  },
  "test_closure_augmented": {
    "n_feasible_eval": 1395,
    "closure_abs_mean_mw": 0.0861707329750061,
    "closure_abs_p95_mw": 0.1748016357421875
  },
  "artifacts": {
    "dense_csv": "D:\\安全域\\PowerSSR-DL\\results\\case9mod_dense_refined_samples.csv",
    "checkpoint": "D:\\安全域\\PowerSSR-DL\\results\\case9mod_dense_refined_ecpd.pth",
    "probs_full": "D:\\安全域\\PowerSSR-DL\\results\\case9mod_dense_refined_probs.npy",
    "figure_security": "D:\\安全域\\PowerSSR-DL\\figures\\case9mod_boundary_dense_refined_security_region.png",
    "figures_local": [
      "D:\\安全域\\PowerSSR-DL\\figures\\case9mod_boundary_dense_refined_local_scatter_comp1.png",
      "D:\\安全域\\PowerSSR-DL\\figures\\case9mod_boundary_dense_refined_local_scatter_comp2.png",
      "D:\\安全域\\PowerSSR-DL\\figures\\case9mod_boundary_dense_refined_local_scatter_comp3.png"
    ]
  },
  "train_history_tail": {
    "train_total": [
      0.30602631483759196,
      0.2814175124679293,
      0.3234086888177054,
      0.29189174601009915,
      0.301743449483599
    ],
    "val_total": [
      0.2051985887810588,
      0.18778136558830738,
      0.2045129742473364,
      0.21420077607035637,
      0.1896453695371747
    ],
    "val_f1@0.5": [
      0.9701437523037229,
      0.9720382634289919,
      0.9632380245079837,
      0.9675036927621861,
      0.9701217263002582
    ],
    "val_state_mae": [
      0.03502056002616882,
      0.030087977647781372,
      0.041448116302490234,
      0.03142505884170532,
      0.036566298454999924
    ]
  }
}