p2_mw,p3_mw,traditional_secure,model_prob_secure,threshold,model_secure,agreement,state_mae_overall,mae_p_slack_mw,mae_q_mvar,mae_v_pu,mae_theta_deg,pred_p1_mw,true_p1_mw,pred_q1_mvar,true_q1_mvar,pred_q2_mvar,true_q2_mvar,pred_q3_mvar,true_q3_mvar,pred_v1_pu,true_v1_pu,pred_v2_pu,true_v2_pu,pred_v3_pu,true_v3_pu,pred_theta2_deg,true_theta2_deg,pred_theta3_deg,true_theta3_deg
59.464881896972656,122.17391204833984,1,0.9849750399589539,0.76,1,1,0.05156456306576729,0.40965938568115234,0.020724454894661903,0.00014301802730187774,0.0734778344631195,11.38321304321289,10.973553657531738,-4.791211128234863,-4.80766487121582,-4.845263481140137,-4.83540153503418,-4.870239734649658,-4.834382057189941,0.9070624709129333,0.9069896936416626,0.9255905151367188,0.9259044528007507,0.9322111010551453,0.9322788715362549,6.7209930419921875,6.693100452423096,12.198719024658203,12.38341236114502
11.939799308776855,162.17391967773438,1,0.9703947901725769,0.76,1,1,0.12109985202550888,1.3818283081054688,0.08756184577941895,0.0003044009208679199,0.11299368739128113,17.72981834411621,19.11164665222168,-2.738086700439453,-2.7809267044067383,-2.938624382019043,-2.8520562648773193,-3.0554697513580322,-2.922192335128784,0.9302999973297119,0.9300150871276855,0.9445794820785522,0.9443327188491821,0.9456684589385986,0.9454934597015381,1.9076197147369385,1.8176461458206177,14.771770477294922,14.450918197631836
140.93646240234375,35.21739196777344,1,0.999698281288147,0.76,1,1,0.06025843322277069,0.6442680358886719,0.06298764795064926,0.0006378226680681109,0.054079338908195496,16.82550621032715,16.181238174438477,-4.46320104598999,-4.524982929229736,-4.564185619354248,-4.626502513885498,-4.554985046386719,-4.61984920501709,0.9156639575958252,0.9161829352378845,0.9227659106254578,0.9235665798187256,0.9421172142028809,0.942679226398468,13.020589828491211,12.970788955688477,4.341662883758545,4.539004325866699
236.95652770996094,117.82608795166016,0,0.0,0.76,0,1,,,,,,,,,,,,,,,,,,,,,,,
0.6070718169212341,9.35145092010498,0,0.00025560619542375207,0.76,0,1,,,,,,,,,,,,,,,,,,,,,,,
162.6823272705078,2.320249557495117,0,1.2247835002199281e-05,0.76,0,1,,,,,,,,,,,,,,,,,,,,,,,
