{
  "dataset": {
    "n_total": 10940,
    "n_secure": 2735,
    "n_insecure": 8205,
    "split": {
      "train": 7658,
      "val": 1641,
      "test": 1641
    },
    "state_names": [
      "p1_mw",
      "q1_mvar",
      "q2_mvar",
      "q3_mvar",
      "v1_pu",
      "v2_pu",
      "v3_pu",
      "v4_pu",
      "v5_pu",
      "v6_pu",
      "v7_pu",
      "v8_pu",
      "v9_pu",
      "theta1_deg",
      "theta2_deg",
      "theta3_deg",
      "theta4_deg",
      "theta5_deg",
      "theta6_deg",
      "theta7_deg",
      "theta8_deg",
      "theta9_deg"
    ]
  },
  "train": {
    "epochs_run": 140,
    "best_threshold": 0.73,
    "arch": "energy_closure",
    "lambda_monotonic": 0.15,
    "p1_weight": 4.0,
    "history_tail": {
      "train_total": [
        0.14341717412074406,
        0.13801199396451314,
        0.13963747868935267,
        0.13979179312785467,
        0.13626784831285477
      ],
      "val_total": [
        0.0772188026458025,
        0.0771062932908535,
        0.077401427552104,
        0.07859850488603115,
        0.07596282102167606
      ],
      "val_f1@0.5": [
        0.9624413145539906,
        0.963572267920094,
        0.9613130128956624,
        0.9624413145539906,
        0.9647058823529412
      ],
      "val_state_mae": [
        0.07086963206529617,
        0.07213931530714035,
        0.06896891444921494,
        0.0711498036980629,
        0.07354772090911865
      ],
      "train_mono": [
        0.0,
        0.0,
        0.0,
        0.0,
        0.0
      ]
    }
  },
  "validation": {
    "classification": {
      "acc": 0.9926873857404022,
      "prec": 0.9738095238095238,
      "rec": 0.9975609756097561,
      "f1": 0.9855421686746988,
      "spec": 0.9910641754670992,
      "tp": 409,
      "tn": 1220,
      "fp": 11,
      "fn": 1,
      "best_threshold": 0.73
    },
    "state": {
      "n_feasible_eval": 410,
      "overall_mae": 0.07796148955821991,
      "overall_rmse": 0.3204532265663147,
      "mae_group": {
        "p_slack": 0.12978754937648773,
        "q": 0.163502037525177,
        "v": 0.001111045479774475,
        "theta": 0.12053997069597244
      },
      "mae_by_var": {
        "p1_mw": 0.12978753447532654,
        "q1_mvar": 0.2565126419067383,
        "q2_mvar": 0.1274658441543579,
        "q3_mvar": 0.10652760416269302,
        "v1_pu": 0.0009991901461035013,
        "v2_pu": 0.0010493238223716617,
        "v3_pu": 0.0011744920630007982,
        "v4_pu": 0.0008952405187301338,
        "v5_pu": 0.0010199639946222305,
        "v6_pu": 0.0012823566794395447,
        "v7_pu": 0.001041807816363871,
        "v8_pu": 0.0012663038214668632,
        "v9_pu": 0.0012707296991720796,
        "theta1_deg": 1.3804573484321736e-07,
        "theta2_deg": 0.18991275131702423,
        "theta3_deg": 0.21716952323913574,
        "theta4_deg": 0.051334965974092484,
        "theta5_deg": 0.07729495316743851,
        "theta6_deg": 0.15450900793075562,
        "theta7_deg": 0.14108291268348694,
        "theta8_deg": 0.18412673473358154,
        "theta9_deg": 0.06942863017320633
      },
      "rmse_by_var": {
        "p1_mw": 0.15636594593524933,
        "q1_mvar": 1.332863211631775,
        "q2_mvar": 0.26307588815689087,
        "q3_mvar": 0.23146578669548035,
        "v1_pu": 0.001583086559548974,
        "v2_pu": 0.003136759391054511,
        "v3_pu": 0.0034215908963233232,
        "v4_pu": 0.0019041051855310798,
        "v5_pu": 0.00248963781632483,
        "v6_pu": 0.003336802124977112,
        "v7_pu": 0.0032142007257789373,
        "v8_pu": 0.003200468374416232,
        "v9_pu": 0.0025334213860332966,
        "theta1_deg": 2.7952128220931627e-06,
        "theta2_deg": 0.2601463496685028,
        "theta3_deg": 0.32929837703704834,
        "theta4_deg": 0.05744481831789017,
        "theta5_deg": 0.09723055362701416,
        "theta6_deg": 0.23578213155269623,
        "theta7_deg": 0.19229663908481598,
        "theta8_deg": 0.21582993865013123,
        "theta9_deg": 0.08562774956226349
      }
    }
  },
  "test": {
    "classification": {
      "acc": 0.9908592321755028,
      "prec": 0.9805352798053528,
      "rec": 0.9829268292682927,
      "f1": 0.9817295980511571,
      "spec": 0.9935012185215265,
      "tp": 403,
      "tn": 1223,
      "fp": 8,
      "fn": 7,
      "best_threshold": 0.73
    },
    "state": {
      "n_feasible_eval": 410,
      "overall_mae": 0.08249940723180771,
      "overall_rmse": 0.36968308687210083,
      "mae_group": {
        "p_slack": 0.13038814067840576,
        "q": 0.18936844170093536,
        "v": 0.001225193147547543,
        "theta": 0.12282964587211609
      },
      "mae_by_var": {
        "p1_mw": 0.13038815557956696,
        "q1_mvar": 0.3138764202594757,
        "q2_mvar": 0.13405054807662964,
        "q3_mvar": 0.12017832696437836,
        "v1_pu": 0.000980712124146521,
        "v2_pu": 0.0011694052955135703,
        "v3_pu": 0.0013309803325682878,
        "v4_pu": 0.0009697578498162329,
        "v5_pu": 0.001143604633398354,
        "v6_pu": 0.0014879058580845594,
        "v7_pu": 0.0011587339686229825,
        "v8_pu": 0.0014320715563371778,
        "v9_pu": 0.001353567116893828,
        "theta1_deg": 3.80316889092569e-09,
        "theta2_deg": 0.19440637528896332,
        "theta3_deg": 0.22161848843097687,
        "theta4_deg": 0.0509716235101223,
        "theta5_deg": 0.07669021189212799,
        "theta6_deg": 0.16159610450267792,
        "theta7_deg": 0.1455358862876892,
        "theta8_deg": 0.1843876838684082,
        "theta9_deg": 0.07026037573814392
      },
      "rmse_by_var": {
        "p1_mw": 0.14560548961162567,
        "q1_mvar": 1.5696544647216797,
        "q2_mvar": 0.28603386878967285,
        "q3_mvar": 0.26310375332832336,
        "v1_pu": 0.0015483926981687546,
        "v2_pu": 0.0036022861022502184,
        "v3_pu": 0.0039297109469771385,
        "v4_pu": 0.0020681777969002724,
        "v5_pu": 0.002804882824420929,
        "v6_pu": 0.003851397195830941,
        "v7_pu": 0.0036898087710142136,
        "v8_pu": 0.0036840690299868584,
        "v9_pu": 0.0028484330978244543,
        "theta1_deg": 7.698303505776494e-08,
        "theta2_deg": 0.2762072682380676,
        "theta3_deg": 0.34606027603149414,
        "theta4_deg": 0.057978130877017975,
        "theta5_deg": 0.09870752692222595,
        "theta6_deg": 0.24839739501476288,
        "theta7_deg": 0.2038295865058899,
        "theta8_deg": 0.2234722524881363,
        "theta9_deg": 0.09030158072710037
      }
    }
  },
  "energy_consistency": {
    "validation": {
      "n_feasible_eval": 410,
      "closure_abs_mean_mw": 0.129787877202034,
      "closure_abs_p95_mw": 0.2055824279785156
    },
    "test": {
      "n_feasible_eval": 410,
      "closure_abs_mean_mw": 0.13038836419582367,
      "closure_abs_p95_mw": 0.21158218383789062
    }
  }
}