{
  "WB2": {
    "f1": 0.9876543209876543,
    "acc": 0.9991666666666666,
    "state_mae": 2.164238691329956,
    "closure_abs_mean": 0.0
  },
  "WB5": {
    "f1": 0.9404668240230789,
    "acc": 0.957962962962963,
    "state_mae": 0.00010046761599369347,
    "closure_abs_mean": NaN
  },
  "case9mod": {
    "f1": 0.9550827423167849,
    "acc": 0.9768433881779403,
    "state_mae": 0.12007530778646469,
    "closure_abs_mean": 0.0
  },
  "LMBM3_lf1p490": {
    "f1": 1.0,
    "acc": 1.0,
    "state_mae": 3.770723342895508,
    "closure_abs_mean": 0.0
  },
  "LMBM3_lf1p500": {
    "f1": 1.0,
    "acc": 1.0,
    "state_mae": 3.4815409183502197,
    "closure_abs_mean": 0.0
  }
}