{
  "dataset": {
    "case": "LMBM3_lf1p500",
    "n_total": 19186,
    "n_secure": 8000,
    "n_insecure": 11186,
    "split": {
      "train": 13430,
      "val": 2878,
      "test": 2878
    },
    "input_names": [
      "PG1",
      "PG2"
    ],
    "state_names": [
      "PG3",
      "QG1",
      "QG2",
      "QG3",
      "V1",
      "V2",
      "V3",
      "Va1",
      "Va2",
      "Va3",
      "loss"
    ]
  },
  "train": {
    "epochs_run": 81,
    "best_threshold": 0.5,
    "history_tail": {
      "train_total": [
        0.19355211600109382,
        0.1882015864054362,
        0.1865805012208444,
        0.18956230525617246,
        0.1854060474369261
      ],
      "val_total": [
        0.09534863010048866,
        0.067250141253074,
        0.08694897467891376,
        0.08512870719035466,
        0.082835603505373
      ],
      "val_f1@0.5": [
        1.0,
        1.0,
        1.0,
        1.0,
        1.0
      ],
      "val_state_mae": [
        2.902829885482788,
        3.177532434463501,
        3.0788304805755615,
        2.8550124168395996,
        2.8901619911193848
      ],
      "train_mono": [
        0.011409956340988478,
        0.011403892534198585,
        0.01083933192960642,
        0.011165720307164721,
        0.011656690544138351
      ]
    }
  },
  "validation": {
    "classification": {
      "acc": 1.0,
      "prec": 1.0,
      "rec": 1.0,
      "f1": 1.0,
      "spec": 0.9999999999999994,
      "tp": 1200,
      "tn": 1678,
      "fp": 0,
      "fn": 0,
      "best_threshold": 0.5
    },
    "state": {
      "n_state_eval": 1200,
      "overall_mae": 3.460082769393921,
      "overall_rmse": 7.455012798309326,
      "mae_group": {
        "p": 0.31521254777908325,
        "q": 9.955694198608398,
        "v": 1.260567307472229,
        "theta": NaN,
        "loss": 0.3152131140232086
      },
      "mae_by_var": {
        "PG3": 0.31521254777908325,
        "QG1": 14.306754112243652,
        "QG2": 6.442154407501221,
        "QG3": 9.118165969848633,
        "V1": 0.013631872832775116,
        "V2": 0.011804423294961452,
        "V3": 0.009915875270962715,
        "Va1": 0.00022090594575274736,
        "Va2": 3.9753258228302,
        "Va3": 3.552502393722534,
        "loss": 0.31521308422088623
      },
      "rmse_by_var": {
        "PG3": 0.43320387601852417,
        "QG1": 17.139070510864258,
        "QG2": 9.976099014282227,
        "QG3": 12.466602325439453,
        "V1": 0.024047179147601128,
        "V2": 0.016162974759936333,
        "V3": 0.014785794541239738,
        "Va1": 0.00026547041488811374,
        "Va2": 6.584193229675293,
        "Va3": 4.351449012756348,
        "loss": 0.4332047402858734
      }
    },
    "closure": {
      "abs_mean": 0.0,
      "abs_p95": 0.0
    }
  },
  "test": {
    "classification": {
      "acc": 1.0,
      "prec": 1.0,
      "rec": 1.0,
      "f1": 1.0,
      "spec": 0.9999999999999994,
      "tp": 1200,
      "tn": 1678,
      "fp": 0,
      "fn": 0,
      "best_threshold": 0.5
    },
    "state": {
      "n_state_eval": 1200,
      "overall_mae": 3.4815409183502197,
      "overall_rmse": 7.531075954437256,
      "mae_group": {
        "p": 0.30555251240730286,
        "q": 10.024249076843262,
        "v": 1.2688493728637695,
        "theta": NaN,
        "loss": 0.3055529296398163
      },
      "mae_by_var": {
        "PG3": 0.30555251240730286,
        "QG1": 14.19457721710205,
        "QG2": 6.894774436950684,
        "QG3": 8.983396530151367,
        "V1": 0.01335337944328785,
        "V2": 0.011976853013038635,
        "V3": 0.009757788851857185,
        "Va1": 0.00022424595954362303,
        "Va2": 3.8597445487976074,
        "Va3": 3.7180423736572266,
        "loss": 0.3055528402328491
      },
      "rmse_by_var": {
        "PG3": 0.4384598731994629,
        "QG1": 17.10334014892578,
        "QG2": 10.362884521484375,
        "QG3": 12.675589561462402,
        "V1": 0.023414207622408867,
        "V2": 0.016155805438756943,
        "V3": 0.014687398448586464,
        "Va1": 0.00026838548365049064,
        "Va2": 6.508498668670654,
        "Va3": 4.534055709838867,
        "loss": 0.4384599030017853
      }
    },
    "closure": {
      "abs_mean": 0.0,
      "abs_p95": 0.0
    }
  }
}