{
  "dataset": {
    "case": "LMBM3_lf1p490",
    "n_total": 19633,
    "n_secure": 8000,
    "n_insecure": 11633,
    "split": {
      "train": 13743,
      "val": 2945,
      "test": 2945
    },
    "input_names": [
      "PG1",
      "PG2"
    ],
    "state_names": [
      "PG3",
      "QG1",
      "QG2",
      "QG3",
      "V1",
      "V2",
      "V3",
      "Va1",
      "Va2",
      "Va3",
      "loss"
    ]
  },
  "train": {
    "epochs_run": 120,
    "best_threshold": 0.5,
    "history_tail": {
      "train_total": [
        2.8013835306520813,
        2.798892612810488,
        2.80316929463987,
        2.8043707565025047,
        2.803008538705331
      ],
      "val_total": [
        2.815024733543396,
        2.8099332650502524,
        2.8097631533940635,
        2.8129157622655234,
        2.818379839261373
      ],
      "val_f1@0.5": [
        1.0,
        1.0,
        1.0,
        1.0,
        1.0
      ],
      "val_state_mae": [
        3.673772096633911,
        3.759258508682251,
        3.680612087249756,
        3.671229362487793,
        3.8977766036987305
      ],
      "train_mono": [
        0.006414774080945386,
        0.0064970155729463805,
        0.006596411819811221,
        0.006968955992272607,
        0.006423384209887849
      ]
    }
  },
  "validation": {
    "classification": {
      "acc": 1.0,
      "prec": 1.0,
      "rec": 1.0,
      "f1": 1.0,
      "spec": 0.9999999999999994,
      "tp": 1200,
      "tn": 1745,
      "fp": 0,
      "fn": 0,
      "best_threshold": 0.5
    },
    "state": {
      "n_state_eval": 1200,
      "overall_mae": 3.706345319747925,
      "overall_rmse": 8.35324478149414,
      "mae_group": {
        "p": 11.32898235321045,
        "q": 5.185400009155273,
        "v": 0.740273654460907,
        "theta": NaN,
        "loss": 9.442974090576172
      },
      "mae_by_var": {
        "PG3": 11.32895565032959,
        "QG1": 4.90841817855835,
        "QG2": 3.7470645904541016,
        "QG3": 6.900716304779053,
        "V1": 0.009839734062552452,
        "V2": 0.009064316749572754,
        "V3": 0.00784633494913578,
        "Va1": 9.357423550682142e-05,
        "Va2": 2.9837963581085205,
        "Va3": 1.4309998750686646,
        "loss": 9.442935943603516
      },
      "rmse_by_var": {
        "PG3": 18.188325881958008,
        "QG1": 7.196256160736084,
        "QG2": 6.176487445831299,
        "QG3": 9.373217582702637,
        "V1": 0.018308211117982864,
        "V2": 0.013567296788096428,
        "V3": 0.012095585465431213,
        "Va1": 0.00011421288945712149,
        "Va2": 4.422956466674805,
        "Va3": 1.9611008167266846,
        "loss": 15.346899032592773
      }
    },
    "closure": {
      "abs_mean": 0.0,
      "abs_p95": 0.0
    }
  },
  "test": {
    "classification": {
      "acc": 1.0,
      "prec": 1.0,
      "rec": 1.0,
      "f1": 1.0,
      "spec": 0.9999999999999994,
      "tp": 1200,
      "tn": 1745,
      "fp": 0,
      "fn": 0,
      "best_threshold": 0.5
    },
    "state": {
      "n_state_eval": 1200,
      "overall_mae": 3.770723342895508,
      "overall_rmse": 8.406582832336426,
      "mae_group": {
        "p": 10.584280014038086,
        "q": 5.276315689086914,
        "v": 0.7686707973480225,
        "theta": NaN,
        "loss": 10.452703475952148
      },
      "mae_by_var": {
        "PG3": 10.584249496459961,
        "QG1": 4.7451043128967285,
        "QG2": 3.9132461547851562,
        "QG3": 7.170597553253174,
        "V1": 0.01031244732439518,
        "V2": 0.008729713968932629,
        "V3": 0.007656238041818142,
        "Va1": 9.040575241670012e-05,
        "Va2": 3.068812847137451,
        "Va3": 1.5164192914962769,
        "loss": 10.452668190002441
      },
      "rmse_by_var": {
        "PG3": 17.534061431884766,
        "QG1": 7.085870742797852,
        "QG2": 6.400217056274414,
        "QG3": 9.433369636535645,
        "V1": 0.019038578495383263,
        "V2": 0.012731279246509075,
        "V3": 0.011505145579576492,
        "Va1": 0.00011079200339736417,
        "Va2": 4.58582067489624,
        "Va3": 2.1344614028930664,
        "loss": 16.25381088256836
      }
    },
    "closure": {
      "abs_mean": 0.0,
      "abs_p95": 0.0
    }
  }
}