{
  "dataset": {
    "case": "WB2",
    "n_total": 8000,
    "n_secure": 264,
    "n_insecure": 7736,
    "split": {
      "train": 5600,
      "val": 1200,
      "test": 1200
    },
    "input_names": [
      "P2_load",
      "Q2_load"
    ],
    "state_names": [
      "PG1",
      "QG1",
      "V2",
      "theta2",
      "line_loss"
    ]
  },
  "train": {
    "epochs_run": 120,
    "best_threshold": 0.9,
    "history_tail": {
      "train_total": [
        0.07312312671406702,
        0.05596490813927217,
        0.06540456854484299,
        0.05831144242124124,
        0.05576663159511306
      ],
      "val_total": [
        0.02549413467446963,
        0.021851391221086185,
        0.023761837432781856,
        0.024302744617064793,
        0.02082039291659991
      ],
      "val_f1@0.5": [
        0.8666666666666667,
        0.896551724137931,
        0.8764044943820225,
        0.8863636363636364,
        0.896551724137931
      ],
      "val_state_mae": [
        2.0919971466064453,
        2.0939383506774902,
        2.068169593811035,
        2.1992673873901367,
        2.2297778129577637
      ],
      "train_mono": [
        0.00021559923102772288,
        0.0002969558435407552,
        0.000210173740263351,
        0.0001345132047638551,
        0.00019961456299907613
      ]
    }
  },
  "validation": {
    "classification": {
      "acc": 0.9991666666666666,
      "prec": 0.975,
      "rec": 1.0,
      "f1": 0.9873417721518988,
      "spec": 0.9991386735572775,
      "tp": 39,
      "tn": 1160,
      "fp": 1,
      "fn": 0,
      "best_threshold": 0.9
    },
    "state": {
      "n_state_eval": 589,
      "overall_mae": 2.25563383102417,
      "overall_rmse": 4.532186508178711,
      "mae_group": {
        "p": 1.624346375465393,
        "q": 7.205625057220459,
        "v": 0.01230642944574356,
        "theta": 0.811543345451355,
        "loss": 1.624347448348999
      },
      "mae_by_var": {
        "PG1": 1.62434720993042,
        "QG1": 7.205621242523193,
        "V2": 0.012306426651775837,
        "theta2": 0.8115431666374207,
        "line_loss": 1.6243476867675781
      },
      "rmse_by_var": {
        "PG1": 2.2695810794830322,
        "QG1": 9.55955982208252,
        "V2": 0.015620013698935509,
        "theta2": 1.0080069303512573,
        "line_loss": 2.2695815563201904
      }
    },
    "closure": {
      "abs_mean": 0.0,
      "abs_p95": 0.0
    }
  },
  "test": {
    "classification": {
      "acc": 0.9991666666666666,
      "prec": 0.975609756097561,
      "rec": 1.0,
      "f1": 0.9876543209876543,
      "spec": 0.999137931034482,
      "tp": 40,
      "tn": 1159,
      "fp": 1,
      "fn": 0,
      "best_threshold": 0.9
    },
    "state": {
      "n_state_eval": 598,
      "overall_mae": 2.164238691329956,
      "overall_rmse": 4.227181434631348,
      "mae_group": {
        "p": 1.554647445678711,
        "q": 6.943945407867432,
        "v": 0.012131897732615471,
        "theta": 0.755820631980896,
        "loss": 1.5546479225158691
      },
      "mae_by_var": {
        "PG1": 1.5546467304229736,
        "QG1": 6.943948268890381,
        "V2": 0.012131897732615471,
        "theta2": 0.7558205723762512,
        "line_loss": 1.5546481609344482
      },
      "rmse_by_var": {
        "PG1": 2.014829397201538,
        "QG1": 8.965816497802734,
        "V2": 0.015382211655378342,
        "theta2": 0.9165894985198975,
        "line_loss": 2.0148301124572754
      }
    },
    "closure": {
      "abs_mean": 0.0,
      "abs_p95": 0.0
    }
  }
}