case,traditional_secure,model_prob_secure,threshold,model_secure,agreement,state_mae_overall,input_P2_load,input_Q2_load,pred_PG1,pred_QG1,pred_V2,pred_theta2,pred_line_loss,true_PG1,true_QG1,true_V2,true_theta2,true_line_loss
WB2,1,0.9832078218460083,0.9,1,1,5.813860893249512,303.4945373535156,-217.48033142089844,364.2205810546875,104.98703002929688,0.9505239725112915,-49.064178466796875,60.726036071777344,362.9136962890625,79.61551666259766,0.9687426686286926,-47.99835968017578,59.419166564941406
WB2,1,0.9946171641349792,0.9,1,1,2.633164882659912,101.5655517578125,-32.75958251953125,102.9948501586914,-14.271270751953125,0.9524631500244141,-13.605022430419922,1.4292963743209839,106.47433471679688,-8.215668678283691,0.9633434414863586,-13.464651107788086,4.908782958984375
WB2,1,0.9999755620956421,0.9,1,1,0.5303313136100769,231.73802185058594,-134.89349365234375,261.99468994140625,13.0323486328125,0.9846571087837219,-32.72125244140625,30.256668090820312,261.15966796875,12.214813232421875,0.9886831045150757,-32.881317138671875,29.421659469604492
WB2,0,1.4394242742188368e-10,0.9,0,1,1.994397759437561,416.82135009765625,-647.56103515625,539.8731689453125,-8.773956298828125,1.3785924911499023,-56.07649230957031,123.05184936523438,544.4518432617188,-9.408365249633789,1.3633508682250977,-56.24147415161133,127.63053131103516
WB2,0,4.50020812173095e-15,0.9,0,1,1.505966067314148,265.8362731933594,-477.91912841796875,326.2424621582031,-185.4727020263672,1.426764965057373,-31.424663543701172,60.406192779541016,325.38287353515625,-180.1861114501953,1.4173985719680786,-31.939359664916992,59.54660415649414
WB2,0,0.2843638062477112,0.9,0,1,1.3116254806518555,139.27381896972656,-40.497528076171875,148.16839599609375,10.949676513671875,0.9227821230888367,-17.460594177246094,8.894584655761719,148.83108520507812,7.288796424865723,0.9383344054222107,-19.01692008972168,9.55726432800293
