{
  "dataset": {
    "case": "WB5",
    "n_total": 36000,
    "n_secure": 12000,
    "n_insecure": 24000,
    "split": {
      "train": 25200,
      "val": 5400,
      "test": 5400
    },
    "input_names": [
      "PG1",
      "PG5"
    ],
    "state_names": [
      "loss"
    ]
  },
  "train": {
    "epochs_run": 140,
    "best_threshold": 0.77,
    "history_tail": {
      "train_total": [
        0.19529456973075868,
        0.19234758228063584,
        0.19192370295524597,
        0.1884696377813816,
        0.1948176544904709
      ],
      "val_total": [
        0.16823341087861496,
        0.16755439882928674,
        0.16751403293826364,
        0.16772367737509988,
        0.16783655502579428
      ],
      "val_f1@0.5": [
        0.9285161290322581,
        0.9275959804174182,
        0.9259259259259259,
        0.9273570324574961,
        0.9290322580645162
      ],
      "val_state_mae": [
        0.00010038170876214281,
        0.00010041377390734851,
        0.000100300858321134,
        0.00010027658572653309,
        0.00010023376671597362
      ],
      "train_mono": [
        0.0,
        0.0,
        0.0,
        0.0,
        0.0
      ]
    }
  },
  "validation": {
    "classification": {
      "acc": 0.957037037037037,
      "prec": 0.8888888888888888,
      "rec": 0.9955555555555555,
      "f1": 0.939203354297694,
      "spec": 0.9377777777777775,
      "tp": 1792,
      "tn": 3376,
      "fp": 224,
      "fn": 8,
      "best_threshold": 0.77
    },
    "state": {
      "n_state_eval": 1800,
      "overall_mae": 0.00010045859380625188,
      "overall_rmse": 0.00010046755051007494,
      "mae_group": {
        "p": NaN,
        "q": NaN,
        "v": NaN,
        "theta": NaN,
        "loss": 0.00010045859380625188
      },
      "mae_by_var": {
        "loss": 0.00010045859380625188
      },
      "rmse_by_var": {
        "loss": 0.00010046755051007494
      }
    },
    "closure": {
      "abs_mean": NaN,
      "abs_p95": NaN
    }
  },
  "test": {
    "classification": {
      "acc": 0.957962962962963,
      "prec": 0.8907103825136612,
      "rec": 0.9961111111111111,
      "f1": 0.9404668240230789,
      "spec": 0.9388888888888887,
      "tp": 1793,
      "tn": 3380,
      "fp": 220,
      "fn": 7,
      "best_threshold": 0.77
    },
    "state": {
      "n_state_eval": 1800,
      "overall_mae": 0.00010046761599369347,
      "overall_rmse": 0.00010047775867860764,
      "mae_group": {
        "p": NaN,
        "q": NaN,
        "v": NaN,
        "theta": NaN,
        "loss": 0.00010046761599369347
      },
      "mae_by_var": {
        "loss": 0.00010046761599369347
      },
      "rmse_by_var": {
        "loss": 0.00010047775867860764
      }
    },
    "closure": {
      "abs_mean": NaN,
      "abs_p95": NaN
    }
  }
}